title,posted_at,description,skills,fixed_price
Earn Up to $1600 Month Writing for Survival/Outdoors Blog | $3 per 100 words | 400 Word Trial Offer,2021-11-12T03:07:44.705Z,"Looking to pay a writer up to $400+ a week to write content for either my survival or outdoors blog at a rate of $3 per 100 words (3¬¢ per word). 

The first job offer will be for the first 400 words of an article and I'll hire you for the other 1000+ words if you write the first 400 good. This way I can see your writing skill and how you follow guidelines. If you accept the job I'll let you know how I like my blog articles written and you can decide if you want to accept or not.

All articles will be informational posts only.

For example, I may give you the keyword ""how to survive a bear attack"" and you'll have to write a 1,000+ word blog article on the subject. I expect you to research the topic thoroughly so you can be as helpful as possible to the reader.

Make sure to write pineapple at the beginning of your message to let me know you read the job offer all the way through.

Look forward to hearing from you! 

P.S. My total monthly spending is $1600+ but I'll be hiring multiple writers to fulfill my content needs. This means it's unlikely for you to make the total amount unless you're an exceptional writer who can write 53,000+ words a month. So I guess it's technically possible, just highly unlikely.","Blog Writing, Content Writing, SEO Writing, Blog Content",$12
Shop concept design ,2021-12-21T16:00:30.766Z,"We are a beach product suppliers from manufactures 

We will like to create our own retail shops 

i will like to list the products we sell 
and to create a cool and fresh design for the shops 
so we can start looking for franchise owners ","Retail & Consumer Goods, Graphic Design, 3D Design, 3D Modeling, Interior Design, shop design","$2,000"
English to Danish translation project,2022-01-04T11:45:57.836Z,"we are looking for experienced English to Danish translator to do an assignment of 239 words documents
deadline:5th of Jan 9:00 am (GMT+8)HONG KONG
high-quality translation is very important. avoid machine translation","English to Danish Translation, Danish, Translation, Danish to English Translation, Proofreading, English",$10
"Develop a simple Unity app - ""Grow your own team""",2021-12-10T14:02:19.490Z,"Need to develop little app on Unity ver.2019. 

Full description of the task in the attachment. Please read all clearly. More information and manuals I provide you after we discuss main moments of concept and idea of app.

Design and concept is in the attached document.
https://docs.google.com/document/d/1MrrcTu_zfMd0PAvaxQXz8TWP7bNKqHdk7WXnQ5ZjssY/edit?usp=sharing","Android, Phone, Android App Development, Unity",$30
GIS & Front end development - Interactive webmap dashboard,2021-09-26T08:04:17.924Z,"GIS / Frontend developer needed to help design and build an interactive webmap with infographics updating on a dashboard below map. 
Your tasks will be to setup the UI with the ability to toggle layers on/off, transparency etc
Layers include Value based polygons - derived from postgresql DB
Shapefiles with meta data
Point data (points of interest) 

Ideal candidate will work closely in with our Data science team developing both the frontend using API nodes and helping to develop other datasets both back-end and front-end. 

Map visualisations are key as well as overall user experience. This product will be EASY to USE and very beautifully show the data- both on the map and in the infographics dashboard. 

There are upto 20 infographics, however there will be about 5 different TYPES which can be used from any of the REACT libraries. 

A considered colour scheme and visualiation strategy for the data will be required to ensure this is easy to use and show all the data in a pretty way.

Looking for someone who can lead from the front and think big while providing results on the website every week. 

Weekly meetings with the whole team, with the aim that the prototype will be ready within 4-5 weeks.","PostgreSQL, Geographic Information System (GIS), OpenStreetMap, QGIS, GeoJSON, React, OpenLayers, React Native, Map","$2,000"
Civil and Structural Construction Documents for New Home Build in PA,2021-10-28T17:54:56.934Z,"I am a general contractor that needs a complete set of civil and structural construction documents made for a custom built residential home on a slope in the city of Pittsburgh.

An architectural engineer has drawn a floor plan and elevations that I need converted into blueprints including cross sections for the site plan, foundation, grading plan, curb cut, stormwater/environmental, and structural design all of which needs to be stamped by the appropriate parties (civil, structural).  I have the topographical survey and geotechnical report for the site already completed.  I need permit ready plans that can be submitted to the city upon the completion of Zoning board approval.  Please include in your cost or price the time for revisions as the city rarely approves on the first shot.  Also include your timeline for completion.  Site plan, grading plan are a priority for timing and submitting to zoning, structural aren't as urgent until zoning approval. 

Thank you!
Ian","Residential, 2D Design, Drafting, Construction, Autodesk AutoCAD","$8,000"
"Optimize Ubuntu Server for osm, carto, mapnik rendering ",2021-12-13T10:42:34.277Z,"We have an Ubuntu dedicated root server with
Intel Xeon E5 2630v4 10 x 2.20 GHz
256GB
2TB SSD 

So actually enough power.

We have created 10 styles on carto that need to be rendered on our server. For this we use the batch render process rendered.
As an example
render_list --map=blueprint -a -z 5 -Z 17 --num-threads=4 --max-load=9999999

Unfortunately our render process stops every time after about 15 -20 minutes.
So we need a specialist who knows Ubuntu, PostGreSql, OSM, Mapnik and Carto and may have done something like this before. 

The styles are all available and already transferred, the database has all OSM data from Europe. So it's just about optimizing the rendering process.

Translated with www.DeepL.com/Translator (free version)","Ubuntu, Linux, PostgreSQL, CartoDB, OpenStreetMap",$150
"Attract travel agents, tour operators and experts to join our platform",2021-11-05T10:36:44.572Z,"Experienced individual with contacts of travel agents, tour operators, tourist experts to contact and attract DIRECTLY travel agents to join/ sign up in our web platform.
We should attract agents from all over the world but we should begin from Cyprus, Greece, Israel, EU, Russia, and UK. 
Attached you can find a brief description of the company's services for your ease of reference.
In case the cooperation with the individual is fruitful then, the individual might continue cooperation with the Company as much as needed","Customer Service, Lead Generation, Marketing Strategy, Email Communication, Sales",$400
Business Operations,2021-12-11T12:51:17.100Z,"We're looking for the right-hand person to our Founder. This is a great opportunity to join a small yet growing company with a solid track record of success and a focus on data analytics

Responsibilities

- Sales and Marketing for the analytics service
- Hiring the right talent
- Administrative tasks of managing business accounts and calendars
- Managing employees and helping them deliver the best work
- Content management on website & social media

Qualifications

- Bachelor's degree or equivalent
- Proficient in English & MS Office Tools
- Experience in managing multiple priorities & administrative coordination
- Well-organized, detail-oriented, ability to multi-task with great follow-up skills
- Strong written and verbal communication skills","Candidate Recommendations, Compensation & Benefits, Employee Relations, Recruiting, Training, Procedure Development, Policy, Benefits, Candidate Evaluations, Compensation, Compensation Reports, Job Posts, Payroll Accounting, Terminations, Administrative Support, Operations, Strategy, Business Plan","$1,000"
Ecom Facebook Ads / Google Ads Media Buyer (No Agencies),2021-12-18T00:47:59.222Z,"- Setup & Manage Facebook Ads account
- Test for profitable cold audiences 
- Profitably run & manage retargetting campaigns
- Bi-weekly Reporting 

Budget: $500 - $1000 per Ad Account 

Must have over $100,000+ in Ad Spend","Facebook, Facebook Advertising, Retargeting",$800
Looking for a Developer to build a custom ERP solution with open source technology,2021-12-08T09:24:29.629Z,"I run a Spectacle wholesale business, which includes sales of Spectacle Frames, Accessories and Lenses. I require an ERP to be built on an already existing platform like ODOO or any other platform out there that best suits my requirement.

I require an ERP to be built for the below mentioned usage.

1. Generate Purchase Orders for Manufacturers
2. Update Purchase Orders based on delivery schedule
3. Update Inventory upon receipt of goods
4. Tag Photographs of each product once uploaded in Inventory
5. Make Sales invoices or link to TALLY(TALLY Integration)
6. Generate Primary orders based on deficit in Sales orders executed
7. Enter Shipping details and Delivery details individually for each invoice generated
8. Link returns to the Invoices generated if any
9. Payment due and market Outstanding dashboard.

Basically what i am looking for is a customised solution to be built for Inventory management and an ERP solution. This can be built on an Existing platform or built from scratch. ","ERP Software, Enterprise Resource Planning (ERP)",$998
"Graphic designer needed to design wedding documents: hotel map, key card sleeves, signage ",2021-12-22T14:33:10.588Z,"Looking for a fast graphic designer to work on branding for a wedding. We have a few ideas and logos in mind. Articles needed include: welcome sign, weekend itinerary for wedding guest bags, menu, venue map","Graphic Design, Brochure, Minimal","$1,500"
Project 49 - Laravel Full-time Developers. Long-term projects.,2021-12-28T08:17:57.018Z,"Laravel Full-time Developers. Long-term projects. 

Opportunity to work on our projects (software) on a fixed-price basis.

Unlimited Revision needed. 

Send your Industry experience in Application developments, type of applications developed, etc for us to select the best offer. 

Also, mention your working hours per day, (Including the time band), and the number of days per week/month.

Also, send us your hourly rate, so developers who had given us the lowest hourly rate (with the appropriate Experience) will be given the task documents to get the time & Fixed priced offers.

Good prospect for the right developers, based on the performances evaluated over a period of time
","Laravel, MySQL, PHP",$5
Create shapemap in PowerBI (today!),2022-01-02T12:08:06.312Z,"I have a table with real estate properties. Each property is either for sale, or for rent . Each property has a latitue and longitude coordinates (see attachment).

We want to take that data, and use it to populate the colors of a shapemap, whereby within each of the shapes, I can aggregate the average sale price, average rent price, average yield, etc.

This should be a straight forward job for someone familiar with shapemaps in PowerBI.

Looking for someone who can start and finish today!

Please clearly state your approach in your offer, looking to hire urgently.

Thank you!

screenshot1: property info table
screenshot2: example of the shape map where data needs to be aggregated

Alternative shapefiles can be used - the main challenge will remain the same: how to map the lat lons to the specific shape tiles.
","Digital Mapping, Microsoft Power BI, Data Visualization, Visualization, Microsoft Power BI Data Visualization, Data Analysis",$80
Make my app   live  in GP,2021-12-20T17:14:13.840Z,"Hello, I have a ready-made application (apk), but I don't have an account. I am looking for an Android developer, you will need to publish an application. You will receive all materials from us. This is a 15-minute job as I have everything ready on my end, so you just need to upload it. 
We do not collect and will not ask you for your account data, or any other personal data.

After publish and end this contract we do application updates. We design/write/fix everything and send it to you in a finished form for publishing. 1 update about 5-10 dollars.

Please send a SCREENSHOT  of your console where you will download our application,  with all the apps in your account. If you have at least 1 app and there are no bad, suspended apps, violating Google policy,  then you are the right fit for us. Please attach it to your proposal, otherwise, your proposal will not be considered.","Android, Kotlin, Java, Java, React Native, In-App Advertising, Android, JavaScript, Kotlin",$17
Add 2-3 Screens in an Existing Flutter & Firebase App,2022-01-09T05:58:48.164Z,"Hello There,

I have an existing Flutter Android App and need to Add 2-3 Simple Form Screens to it.
If you have experience with Firebase and Flutter then this Job is for you. Next, more projects are waiting for you. Complete this quick and grab the next Opportunity.

Attach your recent Work Projects in a similar Category.
Use #Lookstor in your application.","Firebase, Flutter, Android, Phone, Mobile App Development, Android App Development",$20
MS Office Automation - Outlook AddIn,2021-12-14T05:10:07.433Z,"Your tasks include:
‚óèInvolvement in SDLC of Microsoft .Net based (VB.net) Microsoft Office Automation applications including analysis, design, development, coordination, implementation and maintenance of the product. 
‚óèRequired to work in a fast-paced agile environment and with a team of dynamic Software Engineers to develop end-to-end desktop applications.
‚óèYou will develop Microsoft Office Automation applications using Microsoft .Net technologies, RESTful web services, HTML5, CSS3, JavaScript frameworks, SQL Server etc.
‚óèYou will use .NET using Visual Studio as a primary technology to develop applications.
‚óèYou are always willing to work in a constantly changing world and have ability to adapt to new technologies faster.


What You should have:
‚óèYou have a bachelor‚Äôs degree (B. Tech) in computer science, Mechanical engineering or related field with excellent academic records (75-85%) across 10th,12th and Engineering OR B.Sc. with MCA.
‚óèYou must have 5+ years‚Äô experience in developing desktop application using Microsoft .Net technologies.
‚óè3+ years‚Äô experience in developing desktop applications using VB.NET or C# 
‚óèExperience in developing MS Office Automation product is a plus.
‚óèYou should have strong analytical skills and good in Data Structure and Algorithm
design concepts, which is really required in this role.
‚óèDetail-oriented, Critical-thinking, Experience or done projects with software designing in a test-driven environment.
‚óèYou must possess excellent communication Skills both written and oral, and you are a fast learner with an ability to adapt quickly. ","Microsoft Outlook, Microsoft Outlook Development, C#, Desktop Applications, .NET Framework, Visual Basic, Windows, VB.NET",$500
iOS App to display multi media with a basic map integration,2022-01-06T01:34:16.459Z,"Need an MVP version of an iOS app. Based on the results, there are many enhancements that we'd like to make over time, so this project will expand after a successful first version.

The app will require front end and back end development including any database work, APIs, etc. You will be starting with designs only. 

The app will pull content (text, photos, audio) from a server so that the app can be used offline. 

The app will include the following pages:

1) A 'Welcome' page with text and images and a 'get started' link
2) 'Overview' pages that contain text, images, a button to play a pre-recorded audio clip and 3-4 links to other pages in the app (there will be multiple 'Overview' pages, but each will have the same layout, links and content.
3) 'Map' pages for each 'Overview' page. Each map page will display a 'Location' as well as the user's location. 
4) 'Location' pages for each 'Overview' page. Each location page will auto-start when the user reaches the location on page 3. The location page will have a button to play a pre-recorded audio clip and play a slideshow of images in sync with the audio clip. This may be a audio/video file if easier. The user should be able to replay, the audio/pictures. This page will also have a link that goes to the next 'Overview' page.

There may be multiple sets of 2-4, as many as 10. 

5) 'Thank You' page that is displayed after all the above sets are complete. The thank you page will include text, images and a few links - including external links to Safari and to Facebook for sharing.

We are open to recommendations on how to store the required data. The app should pull in all of the content (audio, video, text, images, location data, etc.) required for the full session.

The app will also have a 'publisher' version to create the experiences above. 

I have a prototype and many of the image assets already. They are in a Figma design.

If you are interested, I can provide a link to a website that's in development that provides an overview of the solution. It will explain better what the app will do and the purpose of the publisher app.

In your response, please include links, videos, etc. that show projects you have completed with similar requirements.","iOS, Map Integration, Location, User Profile Creation, Camera, iOS Development","$1,500"
Digital artist needed to draw digital interactive map for website,2021-12-11T01:36:38.469Z,"I'm looking to have a digital image of a fictional setting illustrated for a page on my website. It will be of a modern metropolitan setting, so I need a lot of skyscrapers, schools, and bridges. This map is also needed to display economic inequality. Parts of it needs to be very dark and desolate, highlighting that these areas are food desserts, while others need to be vibrant. I'll need to be able to make the map digital and interactive. 

The project will begin in February. I would like to have it completed in three months. 

Thank you. ","Maps, Graphic Design, Architectural Graphics, Drawing, Digital Art",$350
Rank my google business to No 1 on google map,2022-01-05T02:35:30.794Z,"I am looking for an expert in google Map ranking

He/She should be able to make a business rank Number 1 in 4 weeks or less on Google maps

We ran an agency and we need someone to join our team that can help rank our customers on google maps.

The pay will be per project and it negotiable for the right person
","Google My Business, SEO Keyword Research, SEO, Google Maps API, Google Local Business Optimization",$50
Add Azure AD authentication to DRF/React project,2022-01-01T11:22:09.359Z,"Hello,

I need to integrate the Azure authentication with React - Metronic Admin Dashboard Theme and the Django Rest Framework app.

Scope:
1 Login to Metronic Admin Theme using Azure AD user.
2 If does not exist: create Django user from Azure AD user (do not store password)
3 Populate name and email address on the profile page (Metronic Admin Theme Profile)
4 List all the logged user groups via API (DRF).

For React frontend authentication utilize Microsoft @azure/msal-react @azure/msal-browser library.
For DRF backend authentication utilize 'oauth2_provider', 'social_django‚Äô, ‚Äòdrf_social_oauth2' modules

The attached architecture diagram describes the authentication flow between React, DRF, and Azure AD.
Project code development needs to follow best practices.
Follow the Metronic authentication structure.
Code needs to be well documented!

Thanks","Django, Redux, TypeScript, React, API, JavaScript, Microsoft Azure, Python","$4,000"
Webscraping.io sitemap needed  (exporting of a JSON),2021-12-09T17:58:20.503Z,"Using the chrome extension wbescraper.io,  please create a sitemap for

https://www.canada.ca/en/health-canada/services/drugs-medication/cannabis/industry-licensees-applicants/licensed-cultivators-processors-sellers.html

to extract the table titled:

Table: Authorized licensed cultivators, processors and sellers under the Cannabis Act

The job is complete when you provide a JSON that I can import, and extract from the above table.  I need the JSON because I need to extract the table every few days.

If you know how to use webscraper, this will take 5 minutes.","JSON, webscrapping",$15
A map locator solution for an existing word press site ,2021-12-14T15:06:38.586Z,"I need a solution for someone to find a provider of our product on their area. A map locator for an existing word press site   We will add the providers as we get them , and the customer needs to be able to go on the site type their address and find a local provider ","WordPress, Web Programming, Web Design, PHP, HTML, JavaScript, Graphic Design, HTML5, MySQL, CSS",$100
Create a Flutterflow Prototype ,2021-12-29T17:34:42.843Z,"We would like to create an app prototype using the tool Flutterflow.

We have wireframed a clickable version in Figma that can be looked at: 

https://www.figma.com/proto/3JyUelEmdRSX9Qsj4Ua6Ma/Bob-The-Builder-App?page-id=2434%3A2496&node-id=2437%3A5733&viewport=241%2C48%2C0.02&scaling=min-zoom&starting-point-node-id=2437%3A10546&show-proto-sidebar=1



","flutterflow, Mobile App Design, Prototype, Software Design","$3,000"
Bigcommerce theme change,2021-12-22T15:01:18.161Z,"o	details: fixed contract, include link to figma in summary, and mention what we've discussed, for payment add 4 milestones (on start, on completion and 2 deliverables) total should be 3900 excluding fees",BigCommerce,"$3,900"
Looking to create an image to show our physical store locations on a map.,2022-01-03T16:19:25.957Z,"We are a chain of car washes with 7 active locations, 3 under construction, and potentially two more locations under contract. 

We'd like to create an image of a map with our logos placed where each location is. This will be used on the home page of our website and across our social media accounts. 

Our logos are attached. ","Website Asset, Social Media Imagery, Graphic Design, Illustration",$100
Looking for an Unreal4 map artist/creator for creating nature / forest for ongoing project,2021-12-29T16:50:35.012Z,"Looking for find someone who is wanting to help my indie game project to create a 'hyper' realistic forest and mountain area scene. ( no animals are needed, but this does need to be extremely realistic )
I only have a $300 budget for this first scene, but this budget will increase as I continue to grow our project. 
I want to build an 'open world' for our game, but need this first map to be much smaller.

I want to find an artist that can help with this small project and show off their skills to get ready for a bigger map!

This map should become your top portfolio piece for you to show off your skills.  :-)
","3D Modeling, 3D Design, 3D Rendering, Texturing, Unreal Engine, Gaming, ",$300
$60 per 1000 words - Writer for Digital Content,2021-11-25T04:28:39.395Z,"Hi,

I need a talented and dependable NATIVE ENGLISH (only!) writer to write about digital marketing technology (apps, digital menus, automation services, etc). This will be mostly B2B content. We are looking for someone with experience and solid writing skills. 

We're happy to work on a per-word or per-project basis as opposed to hourly. 

There will be a moderate amount of research involved. The reader needs to get the sense that you're an authority on the topic. 

The tone should be conversational but not stating the obvious--your audience will be pretty well-educated. Overall, the content won't be overly technical but you should provide interesting perspectives/takes on the material. 

We intend for this to be a very long term relationship. We need someone who is ready to be reliable on a weekly basis.

The ideal candidate should be available to write one to two articles per week of around 1000 words. 

We may have other topics for you if you want to take on additional work. 

The test article will be paid as long as it's good enough to publish after some editing!

Provide links to your work in your proposal please!

Feel free to ask questions if you have any. 

Looking forward to potentially working with you! 

Thanks,

    Nate","Article, English, Marketing, ",$60
Interactive UX Design Mock Prototype,2021-11-22T09:57:02.826Z,"Need a UX design and interactive prototype for the concept. Previous experience in startup SaaS, HR space is a plus. Share an interactive prototype design if you have built it in the past.

The app will have:

Dashboard (HR)
Chat app UI

Use one of the tool justinmind/adobe xd/framer/figma to have interactive mock after finishing basic UX design.

Depending on experience the project can be increased in scope with an additional budget.","Prototype, Figma, Interaction Design, Wireframing, Mockup",$100
Redesign Website,2022-01-03T12:25:44.786Z,"Need to redesign a html Website. This is a static site, not complicated.

Website : www.andfreelancer.com

1. Add a video on the first section - like in this site www.andfreelancer.com

2. Hide couple of sections on the site

3. Add an echo system section with 11 Logos.

4. Add a partnership section with 4 or 5 logos. When we make a new partnership I should be able to add the new logo without your help.

5. Add certik logo like this site - https://andfreelancer.com

6. Add another section for Price stabilizer. Its a video and some text.

If you can do this, send me the price and I want this to be done by tomorrow morning.","PHP, Web Design, CSS, HTML",$750
Landing page copy + design,2022-01-07T22:43:19.393Z,"If you are an expert in landing page copy creation and design then we would like to work with you on this project. 

We already have some landing pages done but we believe that a much better job can be done in order to optimize it for conversion and have a better messaging, structure and content there. 

Please provide some examples of landing pages that you have created in the past. We are looking for someone who can work on the copy + design of the page. A figma file could be the deliverable and we will get it developed on wordpress by our own developers. ","Business with 1-9 Employees, Landing Page, Copywriting",$400
Courses - Network Marketing Web site,2022-01-04T17:31:21.532Z,"Basically it is a site that sells courses but at the same time it is a network marketing site.
Anyone has the option to buy access to these courses and at the same time has the option to sell those courses
.
How can I sell those courses after being a buyer? I receive a link. I can direct new buyers to my link and the process can be repeated with new buyers.
.
Every new buyer can make a sale. After that sale you can acquire 2000 in courses to sell paying only $ 30
.
Look at this site for reference https://sistematdc.com/A21954306S/inicio","Website, Software Design, Visual Communication, Responsive Design, Web Programming, Web Design, WordPress, CSS, HTML5",$150
"After Effects to populate videos with info. (Tracking Titles, Layovers, animating roads on maps.)",2020-05-18T18:12:48.089Z,"After Effects Artist needed to populate information onto video.  Must be proficient in animating 2D art onto a video, creating layovers onto moving video, tracking titles and animating roadways on maps.","Adobe After Effects, Adobe Photoshop, Motion Graphics, 2D Animation, Graphic Design, Animation, Logo Design",$300
SEO research / keyword research to name new business for google maps and organic search results,2021-12-17T01:29:58.105Z,"I am opening a new coin shop and I have not picked a name yet.  I will buy and sell coins and investment bars made of precious metals.  I will also buy gold jewelry, watches, and diamonds that people would rather have cash for.  

I want to pick a name that will be great for google maps ranking and great for Google SEO.

I need someone who can do keyword research for my location and help me pick the best company name and keywords to target with my on-site SEO.  I want a list of all the keywords I should go after and I want a breakdown whereby you analyze the competitiveness of the keyword and how often it is searched for.  I want specific recommendations with supporting data for the Google maps company name.

My location is Ponte Vedra Beach, Florida, USA.  The zip code is 32082.

My budget is $50.  Please feel free to bid higher or lower.","Ahrefs, SEO",$50
Social Media Marketing Transfer Support,2021-12-10T00:39:23.446Z,"Require someone to assist transferring business assets of Facebook Page, Instagram and Google business listing to another owner as business has sold

Require facebook page to be disconnected from Ads and Business Manager and new  business manager set up if required
New owner assigned to business facebook page and all other contacts removed
Instagram to be reassigned to a new owner
Google business listing all transferred to new owner

Must have advanced technical skills to ensure this is all executed correctly","Facebook, Social Media Marketing, Instagram",$50
Marketing Strategy for Small Business Website ,2022-01-06T00:18:14.179Z,"I would like a marketing specialist to review my website and offer recommendations on how to more clearly communicate my brand and offerings.

My work is pretty niche. I fear the terminology on my website (e.g. somatics, craniosacral therapy, etc.) makes it hard for people to understand my offerings because most people aren't familiar with these concepts. 

I imagine that this project would be 5 hours or so, and could definitely lead to ongoing work in the future.

Thanks for considering!","Marketing Strategy, Web Design",$500
Seeking Video Editor For YouTube Channel (Celebrity Gossip),2022-01-01T17:38:25.157Z,"We are also looking for a freelancer to edit celebrity gossip-themed videos for our YouTube channel. We require a very specific video style, exactly like Anna Oop (link is below):

https://www.youtube.com/c/annaoop

We are creating an illustrated character with multiple versions and they each have different expressions (see attached files for examples). We need the videos to be edited exactly like Anna Oop, but with our character of course. Specifically, moving the character around the screen, zooming in and out, and selecting an appropriate version of our character to use in the situation.

For the editing, we will provide you with a script and voice-over on a trending topic, and it is your responsibility to add animations, transitions and compile relevant high-resolution clips into a video! Every day we will send you one script and voice-over on which we require you to use to create an 8-minute video within 24 hours.

Our expectations for our editors:
- Has EXPERIENCE editing videos about celebrities, news and/or gossip.
- Is PASSIONATE and KNOWLEDGEABLE about celebrity gossip and news.
- Is able to create ENGAGING and PROFESSIONAL videos that hook the viewer in and only include relevant high-quality content.
- Is able to create 1 (8-minute long) video per day CONSISTENTLY (NO MISSED DAYS) with a 24 hour turnaround time per video.

In this position, it is YOUR job to:
1) Source relevant clips, images, videos, screenshots, etc.
2) Compile these video clips with a 7-second duration limit per clip.
3) Create and consistently include various animations, engaging transitions, and others as needed.
4) Create and submit the final video within 24 hours, but as quickly as possible.

What you get in return:
- A permanent, stable partnership with generous pay
- Frequent bonuses for hard work and quality scripts.
- The ability to create content you are passionate about and proud of.

Please send us your qualifications and some relevant videos you have created in the past.

If you have read this far, please message us ‚ÄúBlue Dog‚Äù. Thanks for your interest and we look forward to hearing from you! :)","Education, Adobe Illustrator, Video Post-Editing, Video Editing, Adobe Photoshop, Videography, Photo Editing, Video Production, Final Cut Pro, 2D Animation, Photography, Motion Graphics, Video Editing & Production, Video Ads, Video Animation, Video Conversion, Video Color Correction, Video Design, Video Game, Video Game Music, Adobe Premiere Pro, Cartoon Animator",$210
Long Term Social Media Manager,2022-01-05T10:08:49.542Z,"‚ö°Ô∏è TEAM PLAYERS ONLY ‚ö°Ô∏è

We are looking for exceptional talent to join a progressive and fast-growing company.

We are seeking out an INDIVIDUAL, not an agency to help me with social media management.


Job specification ‚úèÔ∏è

- To make at least 1 social media post per day including captions & hashtags for a business.
- We will pay you per business that you manage (the more businesses you manage the more you will be able to earn)
- Post scheduling, typically 7 days in advance
- Content will be delivered on the following platforms: Facebook, Instagram, LinkedIn, Twitter & Pinterest (It can be the same content/ images but adjusted to suit the dimensions of each platform)


Job Requirements ‚úÖ

- Require a native or expert English speaker (written & verbal). This will be mandatory for client communications and written content, captions, and posts.
-     Must have relevant experience in social media management, content creation/ planning, photo/ video editing (including Canva & Photoshop), and social media strategy.
- You MUST apply with your full portfolio & evidenced experience of your previous social media management roles
-     MUST NOT BE AN AGENCY
-     Willingness to be interviewed on the subject of social media management & social media strategy in depth.

Compensation üí∞

Pay will be $4 per post with an average of 30 posts per month. Total pay will be $120 (Non-negotiable).
** This is PER business and you will be able to earn significantly MORE MONEY if you manage multiple business accounts.


Get Started üì©

We have a strong ethos of excellence at the company and we‚Äôre looking for like-minded individuals who can join the team and accelerate their career.

Please use the word ‚ÄòACCELERATE‚Äô when applying so that we know you have understood the job","Social Media Marketing Strategy, Social Media Content Creation, Copywriting, Graphic Design, HootSuite, Desktop Ad, Mobile Advertising, Facebook, Instagram, LinkedIn, Twitter, Pinterest, eCommerce, Social Media Management, social media posts, instagram marketing, Instagram Stories",$120
Short API code for Twilio and Zoho,2022-01-08T21:04:03.025Z,"Referrence Zoho Cliq status of 2 agents via API. RESTF API Documentation here https://www.zoho.com/cliq/help/restapi/v2/#retrieve-current-status

I have a twimlet setup in Twilio Studio that calls to 2 cell phones before being forwarded to voicemail if no answer. I would like an api call to Zoho Cliq to see current status of these 2 agents before proceeding to twimlet. If either agent status is set to ""Do Not Disturb"", I would like to reference a different twimlet that does not include that number.

I can have alternative twimlets already in studio, just need to link to appropriate twimlet based on Zoho Cliq status of ""Do Not Disturb""

---------------------------------------------------------------------------------------
Additional offer if interested. This would be before sending to mobile numbers.

Need call sent to alternative number if status in Zoho Phonebridge is ""Available"".  This would be based off zoho phonebridge api.  If status is available, attempt to call to twilio number associated with Zoho CRM. If there is no answer at the zoho CRM, call would be directed to voicemail number (which is number associated with Zoho Desk). Call cannot end at zoho crm if not answered.

This is a more advanced setup in twilio and not a requirement for listing. Only needed if this is something you would like to attempt.

This is the flow. 
Inbound call to twilio. Route to zoho crm if phone bridge status available.
If no answer or unavailable, route to mobile numbers via twimlet based on available status.
Finally, route to Zoho Desk number that is used as voicemail box.","Twilio API, API, API Development, Zoho CRM, API Integration, Automation",$20
3D animation video mapping,2021-11-05T02:17:43.684Z,"Hi,

The price is negotiable.

Looking for someone who can create 3D video. It is for a local government. This will be shown this Christmas season. Something like this https://youtu.be/a_E83lzKJMA or https://youtu.be/RwkthRPaBIQ . There is no specific story as long as it is fun to watch for the general public. 

It will be projected on a building. The width is 25 meter and the height is 8 meters

The length of the video will depend on the price you will offer. Can you give a price for a 3 minute video. Can you also give a price estimate per second so we can estimate.

 Please show your sample videos similar to the links. Thanks!","3D Animation, Animation",$500
We need someone to integrate a template into a map in the Unreal Engie,2021-12-11T21:34:39.445Z,"HI 

We need someone to merge two projects.

https://www.unrealengine.com/marketplace/en-US/product/first-person-story-adventure-template?sessionInvalidated=true

Our project already has some blueprints in them and we need somebody to help us to make sure that these are integrated.

Also we need some extra functionality of playing dialogue as well as displaying text to go on the screen. ","Unreal Engine, ",$200
NFT Graphic Art & Roadmap design,2021-12-16T06:52:20.326Z,"Im looking for someone to make graphics/Roadmaps for my NFT project, If you have done like backgrounds for landing pages or stories this would be perfect! Please drop you work in your offer 

Im looking for someone who can make a design of a club house like BAYC","Illustration, Sketch, Adobe Illustrator, nft",$500
Clear map layout for environment development ,2021-12-13T17:46:12.563Z,"Am working on a 3d environment and i was not able to get the map layout with details , i need a map layout in a detailed way for the development of environment . 

Forest village :

This is more detailed version of villages and pathways and how forest it designed so it can be a rough drawing as well but clear differentiation between pathways houses forest and mountain using colors or some sort of design tools and probably it will be a less than an hour thing for a decent artist .","Adobe Photoshop, Graphic Design, Concept Artistry, Environmental Design, environment artist, 3D Animation",$15
Help with google map api,2021-12-11T09:45:39.526Z,My team and i have developed a delivery app for restaurants like uber eats we are having trouble with defining precise location when adding location for the user. because where we are located the roads have not been defined on google maps maybe thats why.,"Google Maps API, API, Google APIs, API Integration",$350
Python - parallelization of a script with pool.map,2021-12-31T12:38:07.000Z,"I have a sequential Python script that I would like to parallelize to speed up the runtime.
This script produces output files by calling a Fortran executable (by os.system(example.exe) and that's the difficulty of the task : begin able to launch the script,
call in the same time the executable and manage the generated output file without having interferencies between them.

I provide an archive containing the python original script "" Camb_launcher_XSAF.py"" and the configurations files located in ""QTLauncher"" directory.

Caution : to compile CAMB executable (camb), you need gfortran compiler and do in CAMB-0.1.7 : ""make EQUATIONS=equations_ppf ""

The output files are located in ""WP_Pk"" directory.

The script to parallelize is ""Camb_launcher_XSAF.py"" and I would like to use pool.map from multiprocessing library.

Best regards.
","Python, parallelization, Scripting, Python Script",$400
Looking for Articulate Professional with Gamification expert,2021-11-29T03:48:48.933Z,ZyenaLABS is looking for an expert Articulate Professional with understanding of Gamification elements and SCORM  complaince. Should be very creative in designing the whole learning experience and with good visual quality. The project duration is more than 6 months hence should give a strong commitment.,"Articulate Storyline, Articulate, eLearning, Adobe Illustrator, SCORM, Instructional Design","$4,000"
Design Corporate Investment Deck ,2021-12-12T17:54:39.706Z,"this is going to be a fairly slow going process while we put the content together. 

there will be approximately 10 milestones. 

i need someone to be patient and know how to edit / replicate an existing pitch deck for our purposes. there are a few but we will go slide by slide. 

attention to detail is a must. not rushing is a must. 

you will not be expected to a lot (if any) original design work. but will need to have skilled use of typography and images and layout aesthetics. 

because there are a lot of replies, i will need to filter based on knowing you are reading the full description and therefore understand i need such meticulousness. so in the first sentence of your response, write investment presentation. 

plenty of other jobs (mostly small so please do not ask for employment) just good projects that are not difficult. ","Presentation Design, Business Presentation, Graphic Design, Pitchbook, Data Visualization, Infographics",$200
Affiliate Link Creator,2022-01-03T14:34:13.264Z,"I need a program that creates affiliate links.

By means of a unique code integrated into the link, I want to clearly assign from which advertising partner a customer was referred.

I need the program as an .exe.

thx","Setup & Implementation, eCommerce, ",$25
Next js sitemap and blocking dev environment,2021-12-24T00:57:55.083Z,"Hi There! 

We're looking for an experienced FE developer that can help us with out sitemap and blocking of our develop environment. Specifically: 

Sitemap: 
- Make sure that specific static pages are included
- Make sure that dynamic pages are included (shop pages, city landing pages and model pages). 

Develop enviroment 
- We have a develop environment that sits at develop.ourdomain. 
- We want it blocked from indexing and password protected. ","React, JavaScript, SEO, SEO-based Website",$50
Translate report from English to Chinese,2021-12-30T04:12:51.204Z,"I have 3 documents that need to translate from English to Simplified Chinese. I need someone who can do the document editing so that only Chinese are shown in those documents. 

I need the documents by next Monday Jan 3. ","Translation, Photo Editing",$15
Graphic Designer,2021-06-11T22:33:21.241Z,"We are currently seeking a graphic designer to help us curate various professional projects. This person will be designing quality graphic content for our social media outlets, eBooks, website and more. Our ideal candidate must be proficient in:

-Photoshop, Illustrator, In-Design
-Deadline requirements
-Social Media design

*eBook requirements:
- Each eBook will be between 12 and 15 pages
- Bear in mind that it must be legible upon printing 
- Cover design and layout must be outstanding
- Include charts and various visual components
- Source file must be submitted with all relevant images and charts PSDs

*Social Media requirements
We are on a tight deadline for our social media project as we are on a 30-day live calendar 
-All social media content must be submitted no later than 7 days prior to the post date
-All content will be provided 

*Applications without attached samples and set rates will not be considered. 
*This will be an ongoing project.","Adobe Photoshop, Graphic Design, Adobe Illustrator, Adobe InDesign, Social Media Imagery, Infographics, Brand Identity & Guidelines, eBook Design, Facebook, Pinterest, Twitter, LinkedIn, Instagram Plugin, Banner Ad Design","$1,500"
Create dotted map,2022-01-06T14:03:53.959Z,"Hello there

I am looking for someone to create a white dotted version of a map. 

If you look on our website here (on your mobile) https://www.logstrup.com/contact/ you can see the map of Ireland. However, that map does not contain Northern Ireland, and we need to have northern ireland shown too. 

So I need you to create an almost identical map to the one on our website, just of the whole island of ireland. 
(like this island, just made in dots https://upload.wikimedia.org/wikipedia/commons/7/74/Ireland_%28MODIS%29.jpg)

I hope it makes sense, else I will of course elaborate further.
","Graphic Design, Adobe Illustrator",$12
Need a C# ASP developer to develop a web portal based on google or open street map,2022-01-01T03:12:34.337Z,"I need a web portal in .net that will have a google map or open street map on a side and will display a live video stream on the right.
This is a real-time web portal and we have to display multiple pointers on the map and change its color based on real-time data received via TCP or MQTT or HTTP.
On the map, the admin can add pointers (select icon or shape to be displayed) on the map. After entering settings like name, location name, connect type, connection details the data will be saved into the database along with GPS coordinates automatically fetched.
When the user will log in, all these pointers will be displayed on the map. the software will connect with all the connection strings (TCP, APIs, or MQTT) and listen to status data being received.
For example, if the admin will add a pointer, and enter connection details as IP: 192.168.1.1 port:1234, then the software will continuously listen to this IP and port and display a red or green color icon. If software receives the red message, a red icon will be displayed and alert sound will be played. 
Have a look at this video for reference

https://www.youtube.com/watch?v=oYOb3JmlcRA&t=75s

Interested candidates must have experience in real-time dashboards via any connection type. Please note that this is a long-term project. I need a full-time developer dedicated to working full 8 hours a day under my supervision.","Angular, ASP.NET MVC, JavaScript",$300
I need help with baking a normal map of high poly to low poly 3D model,2021-12-03T15:50:07.904Z,"Hi,

I need a help from someone who can bake a normal map of a 3D Jigsaw Puzzle I have. I have a low poly mesh as well as a high poly mesh.

It should be a straightforward task. There should not be pixelated edges in the normal maps.","Blender, normal maps",$50
Create heatmaps with US county data,2021-12-21T19:48:04.364Z,"We are looking for a data visualization expert to create a few quick heatmaps. The base data is listed against US counties. The end goal is to have the following:
1. a US heatmap map with all county level data (colored according to range of values)
2. Regional heatmaps for each region with the same data values - 7 maps

So 8 maps in total. ","Presentation, Microsoft Excel",$50
Copywriter needed for an Ongoing Project,2022-01-05T15:11:25.220Z,"Please attach relevant past works. 

WHAT WE NEED
We are a B2B SAAS company in need of an Email Marketing Copywriter who can write/edit and structure compelling email content to our warm email list (Initially, 5-7 pre-launch pitch emails to get them to request free demo). The prospects are all located in the US.

In this role, you'll be responsible for reviewing the email copy in each email sequence to ensure it's the most compelling to generate a response. The goal is to get them to request the free demo of the new product, early-bird access.

IDEAL CANDIDATE
- You are creative, innovative, and have a proven track record of writing compelling email copy.
- You understand the different techniques that can be used when doing an email campaign, and apply them to the problem we're solving for our future customers.
- You have impeccable attention to detail.

BONUS
- You have experience with HubSpot email marketing.","Copywriting, Writing",$50
Creating Video,2021-12-22T13:07:17.132Z,"Hello, 
We want to create video to present our new special report.
Please find attached the video script for your kind review.
If you are interested, please share your previous work.
Thank you and best regards, 
Asmaa  ","MP4, Video Intro & Outro, Video Editing, Adobe After Effects, Video Production, Explainer Video, Adobe Premiere Pro",$100
Article Rewriter Needed,2020-08-17T09:32:32.314Z,"I need an content rewriter for my articles. Need to rewrite more than 200 articles. $3 for each article. Requirements: - 100% MANUALLY REWRITTEN content - Plagiarism free - 100% unique and Copyscape passed content - No Spinning/Rewriting software used - High-quality engaging content - Logical, cogent, and harmonious text - Fitting words, terms, and definitions - Grammatical, syntactic, stylistic, and lexical correction.","Content Writing, Copywriting, Editing & Proofreading, Content Marketing Strategy, Fact-Checking, Research, SEO, Website Content, Product Page, About Us Page, Article, Blog Content, White Paper, Social Media Content, English, SEO Writing, Article Writing, Blog Writing, article jobs, Creative Writing, Writing, Hospitality & Tourism",$5
Autonomous creation of map for mobile robot with ROS,2022-01-05T07:25:57.673Z,"Based on ROS its SLAM toolbox and Gazebo a function has to be developed, where the robot should autonomously explore a large simulated environment and create during exploration the map:
- Scene: an already existing demo scene with appr. 50x100m nad at least 3-5 rooms.
- Mobile Robot: any available robot with 2 lidar scanners, ideally one scanner in front right and the other on back left side. Either 2 driving wheels or Omni wheels.
- ""autonomously"" means: instead of manual controlled driving through environment, the robot needs an own nearby navigation/control system, which is trying to follow/bypass the wall/border/obstacle without collision.","C++, Robotics","$2,000"
3D Voxel Artist for Avatar Design & Animation (for sandbox),2021-12-31T23:24:23.750Z,"Looking for an experienced 3D voxel artist to help design, generate, and animate 3-5 sample art pieces for an NFT collection. The 2D reference character pixel art is already complete.

Requirements:
- Design + generate 3D voxel avatar
- Animate 3D voxel avatar - only simple animations required (e.g. walking, running, looking around)","Character Design, 3D Animation, 3D Modeling, 3D Design, 3D Rendering, Animation, Voxel, MagicaVoxel",$400
Pool satellite screenshot on google map,2021-12-26T16:23:02.044Z,"The objective of the mission is to take 1000 screenshots of google maps:
- on which at least one pool appears
- the height must allow for a scale of 100 meters

The screenshot should only contain the satellite view (not the menu, not the taskbar etc.)

Price for 1000 captures: $5

A sample screenshot is attached.","Data Entry, Virtual Assistant, Virtual Assistance, Research",$5
Social Media Admin VA ,2021-12-06T15:43:29.172Z,"Need someone who can be in charge and figure out what to do 
If you know what to do, you can create a full time job for yourself 
The attitude of figuring out on your own 

- Social Media Content / Post 
Know what is good caption and hashtags 
Come up with ideas to promote the products 

- Blog posts 
Find the suitable private label content for our audiences 
convert what I say to text and graphics ( you don't need to create graphics, we have designers but you need to put things together ) 

- Email list ( mailchimp )
setup mail chimp 
follow up with email
create promotion materials 

You don't need to 
1 write from scratch 
2 create any graphics 

You need to know
1 research 
2 come up with ideas on caption / hashtags with the target audiences 
3 take what we have and combine for social media posts / email etc 
4 keep track on what need to be done and do it 
mostly add information, add photos 

Start with 
1 Trial - 3 tasks with the information / reference that I give you 
2 If you pass the trial, you will start by project for 1 - 2 months 
You will tell me what you are going to do and tell me what you have done 
3 If you prove you can take care of all on your own, then you will be monthly full time 

 

","Social Media Marketing, Administrative Support, Social Media Management",$20
Interactive map development for touchscreen devices,2022-01-05T06:49:23.238Z,"Features of this interactive map:

- The map would be touch sensitive 
- When clicked/touched in a particular place in the map, the map would open the imagery project(s) by Geo-location's in that particular area 
- The project imagery could be either in 2D/3D
- In case of 2D, the project images and other details would pop up (example: when was it completed, location, area in square feet etc)
- In case of 3D, the detailing would be more intricate- the consumer will be able to look at it from a 360 point of view and zoom in to see further details. (Example- how we experience a location in Google Map)

Use cases of the map:

- This map will also be used in physical kiosks with smart-screens e.g. Touchscreen TV, Tab etc 
- This map may also be placed in its company website for view only access

Company business:

This interactive map will be used by a Construction Company who have Ongoing, Completed and Upcoming projects across different locations, and this company wants to demonstrate these different category of projects through an Interactive map where clients can touch different geo-locations and get access to imagery & video content of those project sites. This interactive map will be used in trade shows to demonstrate projects to clients. 

Required experience: 

- Participating freelancer must have previous experience in building such applications for other clients and able to demonstrate their work in their proposal. 
- Technicality of the project will be discussed upon request ","Web Application, Map Integration, Google Map Maker, Interaction Design, Web Programming, Front-End Development, HTML5","$1,200"
SSL certificate automation for a custom domain using domain mapping,2021-12-15T05:03:54.597Z,"We have developed a new online education platform. Custom domain or domain mapping is a part of business requirement. The obtaining process of SSL certificate for the new custom domain should be automated.
Letsencrypt should be deployed in digitalocean kubernetes and should renew automatically once setup. Therefore a developer with knowlege in kubernetes is needed. ","Kubernetes, PHP, DevOps, System Administration, SSL, Ingress, digital ocean",$300
Google map extractor chrome extension,2022-01-05T12:42:25.176Z,"I want a chrome extension developer for extracting date from Google map.

This chrome extension should:
- extract data like (type, company name, Website, Email, phone number, address, state, city, zip , etc) by keywords from google map.
- export date in CSV
- two api (sending password for using client via email, checking subscription plan from wordpress website)
- Two versions trial and upgrade versions.","JavaScript, Data Scraping, Chrome Extension, Google Maps API, HTML, CSS",$300
Task to make OSM(Open street map) available in ACF(Advanced Custom Fields) ,2021-11-22T04:43:40.048Z,"Hello.

Work to make OSM available in ACF.

Like Google Maps used in ACF, The thing by OSM is needed.

There is OSM application already made, and this task is to make that application available in ACF.

If anyone can do this, please contact me.

Related screen
https://snipboard.io/xIbuZo.jpg

Regards!

NOTE: There are many WordPress plugs for OSM, but this task shouldn't use them.","API Integration, Custom PHP, WordPress Plugin, Responsive Design, Web Design, AJAX, Java, XQuery, JavaScript, CSS, API, jQuery, PHP, HTML5, WordPress",$50
UI/UX Designer to revamp a Sports Venue Booking Application,2021-12-21T00:01:59.142Z,"App Information

The app is a sports venue booking app where the user is able to find a court/field at their chosen time, area, and sport in Cairo, Egypt and book it. We are looking for a designer to design a more user friendly flow, design, and wireframe.

Here is the current design (XD File):
https://www.dropbox.com/s/1sypyyraboaoqzs/instad%20design%203%20%281%29.xd?dl=0

Here is an overview of the app features:
https://docs.google.com/spreadsheets/d/1CqSDSwZinNjgrmenWPm_3aa77dHDHgbrQ_-BeKHWcsU/edit?usp=sharing

Note: While the current design covers most of the features, some minor features like cancelling a booking are unavailable.

Here is our website for context:
http://instad.rf.gd/?i=3

Time is an important factor in selection as the design is needed as soon as possible.

Assets and additional information is available upon request.
Maximum Budget is $150.

Please reply to the job posting with an estimated time to deliver. Delivery is recommended to be through Figma but Adobe XD is also okay.

","Figma, User Experience Design, Wireframing, User Interface Design",$150
Develop a new process flow map and add a language translator,2022-01-03T13:32:31.531Z,"1. Looking for a developer to change the look and tools within the current process flow map on a custom app. 
2. Looking for a developer to add a google language translator or similar to the custom app for various languages. ","AngularJS, Custom PHP, Web Application, SVG Editor, JS Library, Flowchart Infographic, JavaScript",$250
Adding Viral Trending Products to my Shopify Store,2022-01-06T06:34:48.277Z,I need someone to add 25-50 VIRAL TRENDING PRODUCTS to my Shopify Store! This is including Great Product Descriptions with enhanced SEO. I‚Äôm trying to get my store ready for Valentines Day so majority of the products need to be dealing with Valentines Day!,"Shopify, ",$100
3D renderer needed for interior renderings,2021-12-12T18:21:23.231Z,"I am a designer in need of high-quality, photo-realistic renderings of a studio workspace I have already designed and modeled using Rhino. The project is a hybrid of interior design and furniture design. 

I'll provide materials for other furniture in room, and images for desired materials of the desk workspace and shelves. I also have photos of outside environment that would be seen in the windows.","3D Rendering, 3D Modeling, Architectural Rendering, Photorealistic Rendering, Product Rendering, High-Quality Rendering",$50
Earn Fast MONEY From Upload Application In Console Account,2021-12-15T03:38:08.503Z,I have a many applications i want to publish it in google play console account who have a google play console account and who publish my apps in playstore i give them charges for publish my apps in their console account,"Android, Phone, Android App Development, iOS, iOS Development, Mobile App Development, JavaScript, C#, Java, Data Entry",$12
Mobile Flow for Sign-Up Mindmap,2021-12-10T05:07:20.717Z,"We are looking for an excellent mobile funnel architect for the sign-up process of a web-based app. We say mobile because 90% of the people coming to sign up will come from QR code scans via a mobile device. We need to have the work flow and functions of each page put together for the designer to make the desired look and feel.

The project requires a top-level UI/UX expertwith a strong portfolio in mobile and woek flows. 

Please do not apply unless you have a 92% completion rate or higher, have over $10,000 in work on Upwork and have examples to send of your portfolio.","Prototype, Mockup, User Research, Usability Testing, Journey Mapping, Web Design, Graphic Design, User Flows, Style Guide, Mobile App Design, Responsive Design",$500
American English Recording,2021-12-10T03:37:52.102Z,"Hello,everyone, we are now looking for someone who can do recordings for us,we pay 22$ for 488 words. All  words are simple and easy such as turn on the TV, turn off the TV and so on. If you are interestd in it, please let me know.THX
","English, Voice Over, US English Dialect",$22
"Android app, home editor, imap protocol",2021-12-15T02:36:46.652Z,"We are building a simple but much needed app. It will contain a list view, a rich text editor that saves in html, and a few setting. It needs to be able to read and write to imap servers. We are open to any popular frameworks and libraries that will make this easy. The ideal developer will be a problem solver who can write clean, bug free code. This app could require long term maintenance and bug fixes.","Android, imap, rich text editor",$500
"Building a software/program, to share with drivers all specific houses by using google map",2021-10-19T22:34:02.480Z,"Hello, 
We are a charity for saving food, We are taking food from multiple locations and delivering it to people who live in poverty on the town (food surplus),

We have more than 2000 families which means we have more than 2000 locations across the town.

we have 12 drivers who cooperate in delivering the food for the families 

Usually, each driver deliver the meals to approximately 20 families/locations each day 

So, We need to create or develop a program that we can share our families with drivers 

We have all the data for our families who register with us for example names, cellphone, area name, and 20% of them we have the pin location.

Aggregation:
1- we need to be able to add the name of the family and their numbers
2- we need to let our drivers can add the location through Google map address to make it easy for next delivery for any drivers
3- the admin can stop the location changes any time 
4- we able to add/delete more families 
5- Able the driver to add the number of the meals when delivery 
6- we need to be able to classify each family depending on their poverty. ex. the red list need daily food, yellow they need just vegetable or meat, and green who need just food from the grocery (not used food) 
7- can the driver put a note for example the location is wrong, the family doesn't answer, the cellphone is close... 
8- we need to know(daily) how many deliveries each month for each family
9- we need to pick a particular family who calls us for help and needs food urgently 
10- we able to put the families on group depending on the area on the town 
11- can the drivers use the information from their cellphone and can add and edit depending on the admin permission.
12. Able to assign one area or group for one or two drivers. 
13- not all drivers can access all our families.
14-we can have a statistical boar for, today/weekly delivery and meals number.
15- know the driver who delivers to that particular family.
16- easy to access from the cellphone 




Thank you 
","Database Design, API Integration, CRM, SQL, ASP, Business with 10-99 Employees, Microsoft Excel, API, PHP, Python, JavaScript",$400
Search engine optimisation for 3 websites.,2021-12-16T09:04:46.123Z,"We have 3 website of the group companies and we would like to do the SEO work on all 3.
Each website has between 10-20 pages. 
Task would be to start from basic SEO :keywords, key phrases, meta descriptions, links, adding google analytics, etc.
","Google Analytics, B2B Marketing, Business Services, SEO Keyword Research, SEO Backlinking, SEO, On-Page SEO, SEO Performance",$100
"Real Estate website from scratch with search function, google maps, login page etc",2021-12-30T15:38:42.786Z,"Looking to build a real estate website with search function, login page for members and ability to add/delete listings on back end.

Milestones:
1) Home page with search function connected to google maps to search by city, testimonials section, commission calculator all on home page
2) Login page for members and member sign up page. Member's ability to add listings by paying a fee. Connect paypal payment option.
3) Ability to add/edit/delete listings from backend.

Budget flexible depending on level of work.",WordPress,"$3,000"
German Freelancer Needed for Sentence Recording,2022-01-06T12:59:25.555Z,"Hello,
We are Looking For German Native Freelancer For Simple Voice Recording In Our App
There Is  Small Sentences To Be Recorded in Our App, You Just Have Use microphone, Earphone in a Quite Place 
There are 1000 Small Sentences to Be Recorded In Our App and We're Paying 20$ 
Thanks ^ Regards

This is Good opportunity For New Freelancers For taking 5 Star Review",German,$20
Interactive PowerBI-Dashboard for visualizing Business Capabilities (hierarchical map of boxes),2022-01-07T08:58:08.072Z,"I need an interactive and appealing visual presentation of Business Capabilities within PowerBI. Business Capabilities describe the high-level abilities of a company (represented by boxes) that are structured in a hierarchical order and can have multiple levels (depth). Attached, you find a screenshot of a static PowerPoint implementation that shows you exactly what I need. This map contains three levels of capabilities (e.g. level 1: ""Strategic Management""; level 2: ""Strategy Development""; level 3: ""Define Strategy""). The maximum number of levels should not exceed 5.

I would be glad if the visual representation within PowerBI is as close to the given one as possible. But I am also open to other visual representations or other Microsoft tools (MS Visio?) if necessary.

I have the following functional requirements for the interactive Dashboard:
The business capabilities will be stored/edited in a table structure (Name, ID, parent-child-relation, probably further data fields later...). This table must be imported and interpreted by PowerBI, so that no manual editing of the map is necessary if further capabilities are added, removed, or relocated. Please provide a corresponding Excel table with dummy data for this dashboard.
I need a slicer feature, to filter or highlight capabilities based on their properties. E.g. I want to annotate capabilities regarding high criticality and low criticality. I want to be able to have a slicer element to highlight respectively fade-out/grey-out filtered capabilities in the dashboard. The same should be possible for continuous values (e.g. a heatmap based on properties within a range of 0-100).
As in the given PPT example, I want to be able to define the style/color of the capabilities within the source table. This is for a higher visual appeal towards the audience.

I expect a PowerBI-file that contains the dashboard including the slicer elements so that I can edit it further on my own. Furthermore, I also need an Excel file with some dummy data, that I can, later on, replace with the actual business capabilities.
","Microsoft Power BI, Dashboard, ",$50
Translation in Dutch ,2021-11-26T16:59:26.182Z,"You should translate  some text in Dutch. The total of the texts gathered is 9500 words. You will need you can do some editing (if the sentences don't look right, for this part I will help you) You have 1 month for the mission.","English to Dutch Translation, Dutch, Translation",$20
I need a logo for my new bakery business,2021-12-26T17:51:27.150Z,I need a logo for my new bakery business. I and my wife is opening this bakery. If it is possible to make the logo gender neutral I would be more than happy. Only real designer apply please. I know free stuff when I see it. Don't need those designer.,"Logo Design, Graphic Design, Brand Identity & Guidelines, Adobe Illustrator, Adobe After Effects",$100
Integrate Evernote and Measuremap into a Chrome app,2021-11-07T23:35:09.048Z,I have a program that is to be used in the agricultural advisory industry that will allow them to report to farmers that they visit on what they are thinking will be needed for a paddock. We have a very basic mapping attached - and note taking but i would like to add both MeasureMap and Evernote to the app as it will add greater versatility to my application. My application is based on Chrome and i need some help here.,"Evernote, Measure Map, Pasture Pro",$250
Write A Movie Recap.,2022-01-06T20:50:16.450Z,"The text should be written for a video. The general idea is to show the main plot of the movie in a video. 2000-3000 words. Explain the story line chronologically so the story would be understood by the viewer.

You will be given a movie to which you must write a summary/synopsis and turn it into a story for a video. The story must be fluent and cover the main points of the film.

The story has to be linear. You can not just describe what happens on the screen, you have to add context.

The first job is a trial run (you get paid). We are looking for someone for a permanent position, but first we need to see if you can write at the level we need.


Please attach your work when submitting cover letter. ","Editing & Proofreading, Writing, Creative Writing, English, Content Writing",$40
Real estate website with mls feed data with map marker,2022-01-05T01:52:54.524Z,"I want to get the followings for my l real estate site:

1. MLS data feed integration with rets server
2.  setup a very nice server infrastructure, where i can trust to get feed data uploaded by any realtor almost instantly. Maintain powerful SEO and search system and real time data integration as soon as data is available
3. code will constantly keep checking for any listing updates made or not and then we push the update in the main website to get most updated data
4. I need interactive map with amazing map markers pop with listing info and auto scrolling behaviour.
5. Admin panel
6. Powerful server setup and service setup

Mobile optimized versions. Not like responsive, its a dedicated mobile versions in logical code which works logically by detecting user device","Web Design, Web Programming, Google Maps API, JavaScript, PHP","$1,500"
PowerBI layered shape maps,2021-12-24T12:44:04.987Z,"Looking from some help from a PowerBI and/or shape maps expert to help build a report that allows me to drill down/select from National to see  regions, then I select an individual Region to see its sub-regions, when I select a sub-region I see a map of the next level below that. Data will be coming from official stats websites as will the JSON map shape files, I  need assistance to ensure data is set out correctly and build the layered shape maps.","Dashboard, Data Visualization, Microsoft Power BI, ArcGIS, Microsoft Excel",$150
Work to make OSM(Open street map) available in ACF(Advanced Custom Fields),2021-11-18T06:43:15.144Z,"Hello.

Work to make OSM available in ACF.

Like Google Maps used in ACF, The thing by OSM is needed.

There is OSM application already made, and this task is to make that application available in ACF.

If anyone can do this, please contact me.

Related screen
https://snipboard.io/xIbuZo.jpg

Regards!

NOTE: There are many WordPress plugs for OSM, but this task shouldn't use them.","Template Markup, Visualization, WordPress Website, Web Application, Website Redesign, Responsive Design, CSS 3, TypeScript, jQuery, AJAX, WordPress, JavaScript, HTML5, PHP, CSS, HTML, Web Programming, API, Web Design",$50
Homepage Post Plugin,2022-01-05T19:32:51.083Z,"Homepage Post Plugin for https://alertaonline.ro

Write a plugin that shows the latest post or a post that we manually select (the entire post) on the homepage of https://alertaonline.ro.
Important: Plugin should by default show the last post and also have an option to let us choose which article to show.
Note: Plugin should work with tag div composer.

When you are done please also tell us how you did it","WordPress, PHP",$5
Generative art script,2021-12-16T00:47:20.547Z,"Hello, im looking for developer to create script for generative art. The art should work for example with https://github.com/owenmoore/token-art-tools to create multiple images with metadata. We can talk all details in message.","Python, p5js, Vanilla, three.js, WebGL",$500
Create a short video for a mind map,2021-12-29T07:55:22.611Z,"I have a mind-map that i want to convert (or a part of it) into a 2D animated video, the video should be minimum 30 seconds in length.

The mind-map contains multiple nodes and branches, when the video moves into a branch the branch should be lit (with back-shadow or elevation) to show that the video is now focusing on this branch.","2D Animation, Graphic Design, Motion Graphics",$200
"Senior GIS, openlayer and Django Expert coordinates mapping, for urban map",2021-12-24T14:02:35.481Z,"we are looking for an expert that has at least 5 years of web development experience with rich skillsets in GIS, mapbox, geolocation integration with websites. our frontend is built with React.js and we want to integrate a map that seamlessly fits on it.

We have a large dataset consisting of coordinates points that need to be overlayed on an existing map. If you have used sentinel hub API, that would be a bonus.

This is only a begining for an ongoing project, we may continue on an hourly job if you can build this verywell.

some older datasets are written in amharic text. you will have to be able to read and use the language.

Thanks","Geographic Information System (GIS), Python, OpenLayers, Django, React",$50
Need a 3d contour map,2021-12-22T18:51:07.160Z,"I'm looking for someone to create a contour map for my property. It is about 1/2 acre in size.  It has a floodplain that runs through it so I'm trying to map where exactly that is on the property.

The project should include 3d map of the property. 

I have a bunch of drone pictures that I have already taken at different angles. Located here -  https://drive.google.com/drive/folders/1r96NOFBUl0CAOAZ0ryWjKA0jZf9F147_?usp=sharing

I'm new to this so I'm honestly not sure what else is needed. 

All the maps for Gila County can be found here -https://gilacountyaz.maps.arcgis.com/home/index.html
The property can be found on these maps using parcel # 302-16-020

My goal with this project is to determine where the floodplain exists on my property and where I can build a house. 
","3D Modeling, SketchUp, Illustration, Architectural Design, Autodesk AutoCAD",$50
3D in browser endless repeating  map/landscape,2021-12-15T09:52:33.548Z,"I need a very simple and basic moving 3 D map for browers. It should be endless /repeating.
A character should be moveable with either mouse or arrow keys (touch screen not needed but would be apreachiated if included without extra costs)

This is for a prototype only. Real project with much bigger scope will follow. 

I have no experience in 3D and therefore don't have fixed requriements but looking for an ""experimental"" partner.

The map should have an ever running landscape and a huge billboard in the center where news can be displayed.

Here are some samples I have found to give you an ideas - without the buidlings, plain land with plants ok or even colored squares.

If you have samples, please send links to them.

Here are the ones I found

https://threejs.org/examples/#webxr_vr_rollercoaster
https://threejs.org/examples/#misc_controls_pointerlock
https://threejs.org/examples/#games_fps



 ","3D Design, 3D Rendering, 3D Modeling, 3D Animation",$150
"Legal Roadmap for closed-end Crypto & NFT Investment Fund. LPA, PPM, Incorporation, etc. ",2022-01-05T13:15:17.755Z,"You will create, modify, and work with me to finalize a legal prospectus, create a PPM, LPA, business incorporation in Delaware, and the entirety of a roadmap for starting a closed end investment fund for an unleveraged and no futures or forward contracts cryptocurrency and nft investment fund. The fund seeks to raise $5m in capital in the State of Alaska. 

Seeking only experienced candidates only. Must have a LinkedIn profile. 

Cryptocurrency regulation significantly differs from securities regulation and all legal matters must be put into the prospectus with maximum attention to detail. 

Ultimately, at the end of the project our business will be ready to start our process of raising capital. 

Attached is what we have so far. ","Alaska Bar Association, Finance, SEC Regulations, Legal Services, Cryptocurrency, financial law, Financial Disclosures","$3,000"
Google Maps APIs expert for mapping,2021-12-13T08:44:15.634Z,"We have data in a CSV format that we would like to show on google maps and draw lines according to the data points. Based on the intensity of values between two locations on a road we would like to give a different colour to the line that spans between these points.

We are looking for a web developer with expertise in Google Maps APIs to complete this task. Our website design is complete. More discussion will be during the interview. ","Google Maps API, Google APIs, PHP, JavaScript","$1,000"
Google maps location -  react native,2021-12-28T10:22:16.826Z,"Specification:
Firebase + react native 

Requirements
Authentication, Location & Share

Tasks presentation:
https://docs.google.com/presentation/d/1GNxhWu_DiGp8oXuWOk-3hSG0gmF-E2aMs9kNlNDweSg/edit?usp=sharing

Prototype:
https://www.figma.com/proto/4wucRkI6wG5gf1ZqpwerUA/Servy-01?page-id=0%3A1&node-id=79%3A831&viewport=318%2C48%2C0.25&scaling=min-zoom&starting-point-node-id=79%3A831&show-proto-sidebar=1

Deliverable:
Git commit / NO APK required
","Firebase, React Native, JavaScript, Google Maps API",$200
Unity game development for school kids,2021-12-18T18:56:57.358Z,"Looking for game developers 

Game is for pre school kids 
Mainly tracing of alphabets  in multiple languages

English abcd
Hindi and 3 other languages 

Shall share video to show what exactly is required 

Meanwhile please prototype app please try letter a in the app for tracing ","Tablet, Gaming Console, Smart Watch, PC, Hybrid, iOS, Puzzle, Ages 3+, Prototype, Game Development, Mobile Game, Unity, Game Design, Android, Game Design Document, Phone, C#","$1,500"
2D Tileset artist to design an RPG type map (top down kinda like pokemon map) (Looping GIF),2021-11-30T08:37:38.913Z,"Here's an example:
https://i.imgur.com/bbJiesD.gif

(i need something that is cyberpunk or scifi future style), you can also use some assets that i found on unity asset store or find some other tilesets to help you (i can buy these tilesets if you want, and you can change their colors etc to your liking)

also would likely require you to draw some of your own tilesets/art too.

1. resulting image resolution is 1920*1080
2. a background gif image + a bunch of foreground elements, an example is: 
background.gif + movietheater.gif etc (so i can layer them on top of each other)
3. This gif will be fullscreen so imagine having this full screen and you can design the sizes according to this
4. Requirements for all gifs:
    a. background is gif
    b. all elements from are gifs too: 
       you can first make normal version of the gif, and then adjust the normal version to another version when i hover over it with my mouse, and a version when i click it.
    
   movietheater.gif
   movietheater_hover.gif
   movietheater_click.gif    
5. All gifs are looping gifs
6. you can use existing tilesets in unity asset store (i have found some examples that might help)
7. you are able to adjust the tilesets later on if needed
8. You can use these gif assets that i found on unity asset store or find some other tilesets to help you (i can buy these tilesets if you want, and you can change their colors etc to your liking)

Please submit proposal so i can send you full requirement document.","Pixel Art, 2D Animation, Graphic Design, Animation, Adobe Illustrator, Illustration",$60
"Expert tech writer, blogger, journalist with high level SEO Skills.  - Brazilian Portuguese only!",2020-05-17T13:32:48.832Z,"As a highly skilled writer in Brazilian Portuguese, you will research, create and edit technology related articles.  We are looking for writers that can deliver well researched, SEO optimised content.  You must be able to download and use a variety of software products, explain how they work, give advice and develop how-to guides. Referencing our brand strategy, you will create content/guides similar to our desired voice. Researching topics, gathering data for infographics will be part of your skill set. We are looking for longer term partnerships with writers that are self managing and motivated. 

Please read and be familiar with the above requirements.  This positon requires an Expert. Translation and a native speaker Brazilian Portuguese is not all that is required.  

Please send/attach to your proposal ONLY: Work that you have originally researched, verified and written in BR-PT.

As work improves, so will the wage.

Mandatory:
Native Brazilian Portuguese  (Translate apps and functions do not count)
Fluent in English
SEO and keyword planning
Able to use download, install, use and create guides for software applications
Infographic data planning
Long form guides
Layout Optimisation for conversions
Hyperlinking and reference material
Able to research and create UNIQUE content.","Article, Blog Content, Fact-Checking, SEO, Research, Portuguese, English, Brazilian Portuguese Dialect, Article Writing, Proofreading, Editing, Writing, Creative Writing, SEO Writing, Blog Writing, Marketing Strategy, English to Brazilian Portuguese Translation",$80
Annotate map image and add captions to images for proposal document,2021-12-09T09:50:43.391Z,"Hi, I'm looking for someone to finalize the graphics for a proposal to be sent to a potential client. I will send the materials after reviewing portfolios. So for now, just give a ballpark estimate for the initial bid. (If you prefer to do this on an hourly basis that is possible. By the way, the average hourly rate shown is not representative because several of my previous contracts involved lawyers!)

Note that this does not involve detailed graphics editing to create new content. Instead you will be making a few enhancements to existing images.

The main work will be to annotate an existing map to highlight why there are problems in the client's current location. This will involve the following steps:
- Add six phrases (e.g., ""waste"" and ""more waste"") in large prominent font.
- Impose image for nearby business (e.g., the review summary from Google Maps),
- Add a few icons to make more intuitive (e.g., dump trucks).
I'll supply all the images, so you will be mainly combining them and adding text.

You will also create a separate version of the map with space for 'from' and 'to' addresses. The result will be formatted so that it fits on the front of a 8x11"" envelop. It will also be used inside as a glossy attachment (full page).

The other graphics work will just involve adding captions to images for incorporation into a document. This should be editable with Microsoft Word, but PDF would be fine.

Summary of work:
1. Full-sized annotated Google Map of business location w/ a few textual annotations and icons.
2. Reduced version including 'from' and 'to' address text annotations
   [to be printed on full-sized envelop sticker paper].
3. 2 pages of half-page attachments: 2 maps and 2 search results.
4. 1 full-page attachment: web search results in landscape mode
   [to be printed on full-sized envelop sticker paper].
Note: 1 is the main task; 2 is slight variation of 1, and, 3 & 4 involve adding captions to existing images.
",Graphic Design,$100
1.000 Animated NFT Designs,2022-01-03T18:41:26.873Z,"Hey Youüëãüèª,

I'm Ole from JustUp Club. We are a marketing agency based in Hamburg. We want to build another NFT Project and we need really good Designs. Our Project is about jellyfishes.

Here are some example NFTs where you can get an understanding of what we want:
https://opensea.io/collection/doodles-official
https://opensea.io/collection/cool-cats-nft
https://opensea.io/collection/alienfrensnft
https://opensea.io/collection/coolmans-universe

You will be asked to answer the following questions when submitting a proposal.
Where can we find examples of your past work?
How many hours a week are you available in the future?

Please start the proposal with ""Hey Blue"" that we can see whether you have read through the whole listing. 

Best,

Ole from the JustUp Club","nft, Cartoon, Character Design",$350
US Immigration Attorney,2021-12-02T21:12:53.858Z,"Legal Plan Company looking for a licensed US Immigration attorney to prepare immigration documents for clients. You will need to be able to provide the necessary documents for each client. 

Rates are negotiable but will typically be between 500-1000 for the document preparation. 

We work in all 50 states so clients will be from around the country. Bilingual in at least Spanish/English preferred. ","Immigration Law, Green Cards, Work Visas, H-1B Visas, Immigration Documents, Legal Services, Legal","$1,000"
Perfectly remove background for 2 character images,2021-12-25T13:54:09.881Z,"I have 2 images I need to remove the background from.
I'll provide a high-quality of the source and expect to get a perfectly edited transparent PNG of each one of them including the hair taken care of.
https://depositphotos.com/204439702/stock-photo-shy-lady-with-pink-hair.html
https://depositphotos.com/202229622/stock-photo-pink-haired-lady-listening-music.html","Adobe Photoshop, Photo Editing, Image Editing",$15
Bubble based frontend work to show different areas of interest on a map,2022-01-01T14:44:40.196Z,"You will need to build a website on bubble. This website will integrate with API endpoints we provide. The scope includes creating a responsive website that shows different areas of interest on a map, provide details of each of these points of interest, allows users to select different filters for these areas of interest, and display a predefined route between two points of interest. ","API Integration, bubble",$350
Facebook & Instagram Ads Camapaign,2022-01-02T17:07:08.760Z,We need to set up a campaign to generate leads as we are offering services for print design and digital design in the USA market what you can offer? and second is the store selling car accessories. We have set up things previously with another person but it is not much effective on both category campaigns.,"Instagram, Social Media Advertising, Facebook, Social Media Marketing, Facebook Advertising, Social Media Management",$100
–ü—Ä–µ–¥—Å—Ç–∞–≤–∏—Ç–µ–ª—å TITAN Technology –ø–æ —Ä–æ—Å—Å–∏–π—Å–∫–æ–º—É —Ä—ã–Ω–∫—É,2021-10-15T07:25:31.078Z,"–£–≤–∞–∂–∞–µ–º—ã–µ —Å–æ–∏—Å–∫–∞—Ç–µ–ª–∏
–ö–æ–º–ø–∞–Ω–∏—è Titan Technology –æ—Å–Ω–æ–≤–∞–Ω–Ω–∞ –≤ 1989 –≥–æ–¥—É –≤ –¢–∞–π–≤–∞–Ω–µ, —è–≤–ª—è–µ—Ç—Å—è –≤—ã–¥–∞—é—â–∏–º—Å—è –ª–∏–¥–µ—Ä–æ–º –≤ –æ–±–ª–∞—Å—Ç–∏ –æ—Ö–ª–∞–∂–¥–µ–Ω–∏—è –ø—Ä–æ—Ü–µ—Å—Å–æ—Ä–∞ —Å —ç–ª–∏—Ç–Ω–æ–π –∏–Ω–∂–µ–Ω–µ—Ä–Ω–æ–π –∫–æ–º–∞–Ω–¥–æ–π. –ú—ã –ø–æ—Å—Ç–æ—è–Ω–Ω–æ –ø—Ä–µ–¥–æ—Å—Ç–∞–≤–ª—è–µ–º –∏–Ω–Ω–æ–≤–∞—Ü–∏–æ–Ω–Ω—ã–µ –æ—Ö–ª–∞–∂–¥–∞—é—â–∏–µ –ø—Ä–æ–¥—É–∫—Ç—ã, –≤–¥–æ—Ö–Ω–æ–≤–ª–µ–Ω–Ω—ã–µ –∂–∏–∑–Ω–µ–Ω–Ω—ã–º–∏ –ø–æ—Ç—Ä–µ–±–Ω–æ—Å—Ç—è–º–∏, –Ω–µ–æ–±—Ö–æ–¥–∏–º–æ—Å—Ç—å—é –≤ –ø—Ä–æ—Ü–µ—Å—Å–æ—Ä–µ –æ—Ö–ª–∞–∂–¥–µ–Ω–∏–∏.

–£—Å–ª–æ–≤–∏—è
ÔÅ¨	–î–æ—Ö–æ–¥ –ê–º–µ—Ä–∏–∫–∞–Ω—Å–∫–∏–º –¥–æ–ª–ª–∞—Ä–æ–º. (–æ–ø–ª–∞—Ç–∞ –∑–∞ –∫–∞–∂–¥—ã–π –∑–∞–∫–∞–∑)
ÔÅ¨	–†–∞–±–æ—Ç–∞ –æ—Ç –¥–æ–º–∞.
ÔÅ¨	–í–æ–∑–º–æ–∂–Ω–æ—Å—Ç—å –≤–ª–∏—è—Ç—å –Ω–∞ —Å–≤–æ–π –¥–æ—Ö–æ–¥ –∑–∞ —Å—á–µ—Ç –¥–æ–ø–æ–ª–Ω–∏—Ç–µ–ª—å–Ω—ã—Ö –≤—ã—Ö–æ–¥–æ–≤.
ÔÅ¨	–†–∞–±–æ—Ç–∞ –Ω–∞ —Ä—É—Å—Å–∫–æ–º —è–∑—ã–∫–µ.
ÔÅ¨	–í–æ–∑–º–æ–∂–Ω–æ—Å—Ç—å –ø—Ä–æ—Ñ–µ—Å—Å–∏–æ–Ω–∞–ª—å–Ω–æ–≥–æ –∏ –∫–∞—Ä—å–µ—Ä–Ω–æ–≥–æ —Ä–æ—Å—Ç–∞ –ø–æ —Ä—ã–Ω–∫—É –ï–≤—Ä–æ–ø—ã —Å–æ —Å—Ç–∞–±–∏–ª—å–Ω—ã–º –¥–æ—Ö–æ–¥–æ–º. 
ÔÅ¨	–ü—Ä–µ–¥—Å—Ç–∞–≤–∏—Ç–µ–ª—å –≤—ã—Å—Ç–∞–≤–æ–∫ –ø–æ —Ä–æ—Å—Å–∏–π—Å–∫–æ–º—É —Ä—ã–Ω–∫—É —Å –¥–æ–ø–æ–ª–Ω–∏—Ç–µ–ª—å–Ω—ã–º –¥–æ—Ö–æ–¥–æ–º. (–ï—Å–ª–∏ –±—É–¥–µ—Ç –Ω—É–∂–Ω–æ)
ÔÅ¨	–°—ä—ë–º–∫–∞ —Ç–æ–≤–∞—Ä–∞ —Å –¥–æ–ø–æ–ª–Ω–∏—Ç–µ–ª—å–Ω—ã–º –¥–æ—Ö–æ–¥–æ–º. (–ï—Å–ª–∏ –±—É–¥–µ—Ç –Ω—É–∂–Ω–æ)
ÔÅ¨	–ö–æ—Ä–ø–æ—Ä–∞—Ç–∏–≤–Ω—ã–µ —Å–∫–∏–¥–∫–∏
ÔÅ¨	–§–∏—Ä–º–µ–Ω–Ω–∞—è —Å–ø–µ—Ü–æ–¥–µ–∂–¥–∞.

–û–±—è–∑–∞–Ω–Ω–æ—Å—Ç–∏:
ÔÅ¨	–ü—Ä–µ–¥—Å—Ç–∞–≤–∏—Ç–µ–ª—å TITAN Technology –ø–æ —Ä–æ—Å—Å–∏–π—Å–∫–æ–º—É —Ä—ã–Ω–∫—É. 
ÔÅ¨	–û—Ñ–æ—Ä–º–ª–µ–Ω–∏–µ –û–û–û –∫–æ–º–ø–∞–Ω–∏–∏ TITAN Technology Limited –≤ –†–æ—Å—Å–∏–∏.
ÔÅ¨	–ü–æ–º–æ—â—å —Å—á—ë—Ç–∞ –Ω–∞–ª–æ–≥–∞.
ÔÅ¨	–û—Ñ–æ—Ä–º–ª–µ–Ω–∏–µ –Ω—É–∂–Ω—ã—Ö –¥–æ–∫—É–º–µ–Ω—Ç–æ–≤.
ÔÅ¨	–ü–æ–ª—É—á–µ–Ω–∏–µ —Ç–æ–≤–∞—Ä–∞ –∏–∑ –¢–∞–π–≤–∞–Ω—è –∏ —Å–æ—Ö—Ä–∞–Ω–µ–Ω–∏–µ.
ÔÅ¨	–û—Ç–ø—Ä–∞–≤–ª–µ–Ω–∏–µ —Ç–æ–≤–∞—Ä–∞ –∫–ª–∏–µ–Ω—Ç–∞–º –∏ –ø–æ–ª—É—á–µ–Ω–∏–µ –æ—Ç –∫–ª–∏–µ–Ω—Ç–∞–º.

–¢—Ä–µ–±–æ–≤–∞–Ω–∏—è:
ÔÅ¨	–†–æ—Å—Å–∏–π—Å–∫–∏–π –≥—Ä–∞–∂–¥–∞–Ω–∏–Ω
ÔÅ¨	–û—Ç–≤–µ—Ç—Å—Ç–≤–µ–Ω–Ω—ã–π –ø–æ–¥—Ö–æ–¥ –∫ —Ä–∞–±–æ—Ç–µ.
ÔÅ¨	–ë–∞–∑–æ–≤—ã–µ –∑–Ω–∞–Ω–∏—è –∫–æ–º–ø—å—é—Ç–µ—Ä–∞ –∏ –∏–Ω—Ç–µ—Ä–Ω–µ—Ç–∞.
ÔÅ¨	–°–≤—è–∑–∞—Ç—å—Å—è —Å –Ω–∞–º–∏ –ø–æ Skype –∏–ª–∏ What'app.

–ï—Å–ª–∏ –í–∞–º –Ω–µ–æ–±—Ö–æ–¥–∏–º–æ –±–æ–ª—å—à–µ –∏–Ω—Ñ–æ—Ä–º–∞—Ü–∏–∏, –ø–æ–∂–∞–ª—É–π—Å—Ç–∞, —Å–æ–æ–±—â–∏—Ç–µ –Ω–∞–º –æ–± —ç—Ç–æ–º. 

–∑–∞–ø–∏—Å—ã–≤–∞–π—Å—è –Ω–∞ —Å–æ–±–µ—Å–µ–¥–æ–≤–∞–Ω–∏–µ!
–†–∞–±–æ—Ç–∞ —Å –±—Ä–µ–Ω–¥–∞–º–∏ –∫–ª–∞—Å—Å–∞ –ª—é–∫—Å –º–∏—Ä–æ–≤–æ–≥–æ —É—Ä–æ–≤–Ω—è!
","–†–æ—Å—Å–∏—è, –†–æ—Å—Å–∏–π—Å–∫–∏–π —Ä—ã–Ω–æ–∫, –í–æ—Å—Ç–æ—á–Ω–∞—è –ï–≤—Ä–æ–ø–∞, –ò–Ω—Ç–µ—Ä–Ω–µ—Ç-–º–∞–≥–∞–∑–∏–Ω, –æ–Ω–ª–∞–π–Ω-–º–∞–≥–∞–∑–∏–Ω, —è–Ω–¥–µ–∫—Å, wildberries, –∞–º–µ—Ä–∏–∫–∞–Ω—Å–∫–∏–º –¥–æ–ª–ª–∞—Ä–æ–º, —Ä–∞–±–æ—Ç–∞ –æ—Ç –¥–æ–º–∞, –Ω–∞ —Ä—É—Å—Å–∫–æ–º —è–∑—ã–∫–µ, TITAN Technology, –∫–æ–º–ø—å—é—Ç–µ—Ä–Ω—ã–π –∫—É–ª–µ—Ä, –≤–µ–Ω—Ç–∏–ª—è—Ç–æ—Ä",$120
"NFT projects related to climate change : roadmap, strategy",2022-01-01T17:58:46.682Z,"We are creating NFT pass to build a Vegan community so as to motivate general public to eat less meat,  and increase awareness for climate change & animal welfare.

Need advice with roadmap & strategic development.

thanks
",Marketing Strategy,$100
Dropshipping - Transfer mapping from Oberlo account to DSers account,2021-11-14T10:14:55.021Z,"Hello,

DISCLAIMER :)

I'm not looking for someone to deal with my orders or any fulfillments tasks or mapping the products.

I'm looking for someone who can solve my syncing issue between Oberlo & DSers


Here's the situation : there is a Shopify store using Oberlo to do drosphipping.

Now the store uses DSers.

But all the mapping is missing.

The sync button has been used (this one https://ibb.co/vPhytVT) but most of the products have not been synced (like 99%).

There's a explanation message mentioning the potential causes of the non-sync (this one https://ibb.co/Gtjmypv).

The issue is that it's impossible that those reasons lead to 99% not being synced.

In order to filter out low-quality freelancers, please start your application message by ‚ÄúOBERLO2DSERS‚Äù. If you don't, you will drastically reduce your chances.

Indeed, a freelancer who will have taken the time to read thoroughly this job description is what we are looking for.

Also, please ask the questions you may have and make an offer (I put 50$ for the sake of having an offer but I'm open to the discussion).

Looking forward to reading your application message!

P.S. : I will provide the Loom I shared with DSers chat support to the people who will apply ""correctly"".
","Oberlo, Shopify, dsers, AliExpress, dropshipping",$50
Data Capture - from google maps ,2021-12-15T20:52:29.029Z,"I am looking for a data entry professional to capture data from online search engines, to identify venues bars, Hotels in Limerick city and county area that would be of interest to our companies product. ","Data Entry, Data Scraping, Data Mining",$100
Build a page with google maps and APIs (Angular),2021-12-12T03:02:18.732Z,"Hi,
I'm looking for someone experienced to do the project.
the project basically is:
one page contains 4 input and a google map.
the inputs are an APIs
the 4 inputs are:
1- City
2- Area or District
3- block
4- Plot

and every input has a ""geo"" object in it, which is the polygons for each data, I want to reflect that In the map, and draw their polygons.

so I want for example if I choose City X, I want to map interact with the user, it'll zoom to the location and show the polygon of the city, and so goes on for the other fields.

+ I want to add a feature ""take me to the location"" to take the user to google maps to see the directions.

Thanks.","TypeScript, Angular, API",$150
Need WordPress Admin To Solve Issues I Am Having With A Site,2021-12-17T03:21:26.154Z,"I have a WordPress website that has hardcoded content that I need to be edited.

Simple things like changing the H1 tag on the home page and a bit of the content.

Also, the phone number on the site in the footer and the address is slightly off

Currently I cannot find out where to access the content that needs to be updated

Should be a quick simple job.

Than looking for someone for similar tasks on an ongoing basis","WordPress, JavaScript, PHP, HTML, CSS, Web Programming",$25
Unreal Engine Level Artist (for immersive projection mapping),2021-12-13T17:34:04.046Z,"Hi, we're looking for talented 3D artists to build Unreal Engine worlds in various styles:
- abstract
- fractal-based
- fantasy/magic
- sci-fi

The end goal is rendered video where the camera explores worlds, for 3-4 minutes each. 

If interested, please send a maximum of 3 links to video renders of worlds you've built.

During the collaboration, you're free to bring your creative ideas or re-use worlds you previously built.

We produced immersive concerts of film music seen by 20+ Million fans on youtube. 
If things go well, this could lead to a much longer-term collaboration. ","Unreal Engine, 3D Design, 3D, 3D Modeling",$300
